{
	"name": "qTip2",
	"title": "qTip2 - Pretty powerful tooltips",
	"description": "Introducing... qTip2. The second generation of the advanced qTip plugin for the ever popular jQuery framework.",
	"version": "2.0.0",
	"homepage": "http://craigsworks.com/projects/qtip2/",
	"author": {
		"name": "Craig Michael Thompson",
		"email": "craig@craigsworks.com",
		"url": "http://craigsworks.com/"
	},
	"repository": {
		"type": "git",
		"url": "git://github.com/Craga89/qTip2.git"
	},
	"bugs": {
		"url": "https://github.com/Craga89/qTip2/issues"
	},
	"licenses": [
		{
			"type": "MIT",
			"url": "http://craigsworks.com/projects/qtip2//blob/master/LICENSE-MIT"
		},
		{
			"type": "GPL",
			"url": "http://craigsworks.com/projects/qtip2//blob/master/LICENSE-GPL"
		}
	],
	"dependencies": {
		"jquery": "=>1.4.2"
	},
	"keywords": ["tooltip", "tooltips", "jquery", "qtip", "craig michael thompson", "craigsworks"]
}
